"Creditability","Duration","Credit.Amount","Account.Balance","Savings","NCredits","Gender","Occupation","Marital.Status"
1,8,760,"2","1",1,"f","unemployed","Divorced"
1,9,1919,"2","1",1,"m","employed","Married"
0,18,2039,"1","1",1,"f","employed","Divorced"
1,24,1258,"3","3",1,"f","unemployed","Divorced"
1,24,2483,"1","3",1,"m","employed","Married"
1,20,6148,"2","2",2,"m","employed","Single"
1,26,7966,"2","1",2,"m","employed","Married"
1,36,3342,"4","1",1,"m","employed","Married"
0,9,1437,"2","2",1,"m","employed","Married"
1,15,960,"4","4",2,"f","employed","Divorced"
0,15,2631,"2","2",2,"f","employed","Divorced"
1,28,7824,"4","1",2,"m","employed","Married"
1,15,2326,"2","3",1,"m","employed","Married"
0,12,951,"2","2",4,"f","employed","Divorced"
1,10,1275,"3","1",1,"f","employed","Divorced"
1,36,2273,"2","1",2,"m","employed","Married"
1,24,1516,"4","4",2,"f","unemployed","Divorced"
1,18,1301,"2","1",1,"m","unemployed","Single"
1,18,1936,"1","1",2,"m","unemployed","Single"
0,30,2150,"2","1",1,"f","employed","Divorced"
1,39,8588,"4","2",1,"m","self-employed","Married"
0,18,4297,"2","1",1,"m","self-employed","Divorced"
1,36,3620,"1","1",1,"m","employed","Married"
1,24,2825,"2","1",2,"m","employed","Married"
1,15,1537,"2","1",2,"m","employed","Married"
1,30,2181,"2","1",2,"m","employed","Married"
1,10,3949,"3","1",1,"m","unemployed","Married"
1,15,806,"1","1",1,"f","unemployed","Divorced"
0,24,11938,"2","1",2,"m","self-employed","Married"
1,24,2892,"3","1",1,"m","employed","Divorced"
1,6,672,"4","1",1,"f","unemployed","Divorced"
1,24,2828,"1","3",1,"m","employed","Married"
0,9,1366,"1","1",1,"f","employed","Divorced"
1,15,2360,"3","3",1,"m","employed","Married"
1,12,1262,"1","1",1,"m","unemployed","Divorced"
1,18,2404,"4","1",2,"f","employed","Divorced"
1,24,7393,"4","1",1,"m","unemployed","Married"
0,18,1042,"2","1",1,"f","employed","Divorced"
1,42,4796,"3","1",1,"m","employed","Married"
1,12,6078,"2","1",1,"m","employed","Married"
1,24,3777,"4","4",1,"m","employed","Married"
1,12,976,"4","1",2,"m","employed","Married"
1,24,1585,"4","1",2,"m","employed","Married"
1,11,1393,"4","1",2,"f","self-employed","Divorced"
0,12,674,"1","2",1,"m","employed","Single"
0,6,433,"2","4",1,"f","employed","Divorced"
0,36,1953,"2","1",1,"m","self-employed","Married"
1,7,2576,"2","1",1,"m","employed","Married"
1,6,2108,"4","1",1,"m","employed","Single"
0,15,1778,"2","1",2,"f","unemployed","Divorced"
1,36,3919,"3","1",1,"m","employed","Married"
1,10,2241,"1","1",2,"m","unemployed","Married"
1,24,5150,"4","1",1,"m","employed","Married"
1,24,1533,"4","1",1,"f","employed","Divorced"
1,9,458,"2","1",1,"m","employed","Married"
1,12,1935,"4","1",3,"m","employed","Married"
1,18,3049,"3","1",1,"f","unemployed","Divorced"
0,24,1199,"1","1",2,"m","unemployed","Married"
1,6,518,"4","1",1,"f","employed","Divorced"
1,12,1262,"4","1",1,"m","employed","Married"
0,15,1271,"3","1",2,"m","employed","Married"
0,48,5951,"2","1",1,"f","employed","Divorced"
1,24,3617,"3","1",2,"m","employed","Married"
0,36,3804,"2","1",1,"f","employed","Divorced"
1,24,3062,"4","3",1,"m","employed","Married"
1,36,3835,"4","1",1,"f","unemployed","Divorced"
1,15,1514,"2","2",1,"m","employed","Married"
0,9,918,"2","1",1,"f","employed","Divorced"
1,6,590,"2","1",1,"m","unemployed","Single"
0,24,1246,"2","1",1,"m","unemployed","Married"
0,48,4844,"4","1",1,"m","self-employed","Married"
1,12,1103,"2","1",2,"m","employed","Married"
1,24,1603,"1","1",1,"f","employed","Divorced"
0,18,7511,"1","1",1,"m","employed","Married"
1,12,1037,"2","2",1,"m","unemployed","Married"
0,12,6199,"1","1",2,"m","employed","Married"
1,18,3509,"1","1",1,"f","employed","Divorced"
1,24,3972,"4","1",1,"f","employed","Divorced"
1,12,618,"4","1",1,"m","employed","Married"
0,48,4605,"1","1",2,"m","employed","Married"
1,15,1433,"1","1",2,"f","employed","Divorced"
0,16,2625,"1","1",1,"m","employed","Married"
1,24,929,"4","1",1,"m","employed","Married"
1,36,3249,"1","1",1,"m","self-employed","Married"
1,24,3148,"3","1",2,"m","employed","Married"
0,6,448,"1","1",1,"f","employed","Divorced"
1,4,1455,"4","1",3,"m","unemployed","Married"
1,6,338,"1","3",2,"m","employed","Married"
0,9,1980,"4","1",2,"f","employed","Divorced"
0,12,1555,"4","4",2,"m","employed","Married"
1,18,6361,"2","1",1,"m","employed","Married"
0,24,4113,"2","3",1,"f","employed","Divorced"
1,15,3643,"1","1",2,"f","unemployed","Divorced"
1,9,2406,"4","1",1,"m","self-employed","Married"
0,24,6872,"1","1",1,"m","employed","Divorced"
1,24,3863,"4","1",1,"m","employed","Married"
1,21,571,"1","1",2,"m","employed","Married"
1,9,1206,"2","1",1,"f","employed","Divorced"
1,6,1750,"4","3",1,"m","unemployed","Married"
1,12,3331,"4","1",1,"m","employed","Married"
1,7,846,"4","1",1,"m","employed","Married"
1,6,1449,"2","2",2,"m","employed","Divorced"
0,18,2600,"1","1",2,"m","employed","Married"
1,18,629,"4","3",2,"m","self-employed","Married"
1,30,4583,"1","1",2,"m","employed","Divorced"
1,24,2028,"4","1",2,"m","unemployed","Married"
0,36,8065,"1","1",2,"f","self-employed","Divorced"
1,15,1053,"1","1",1,"m","employed","Single"
0,15,3959,"1","1",1,"f","employed","Divorced"
0,48,6999,"1","1",2,"m","employed","Single"
1,36,3711,"2","1",1,"m","employed","Single"
1,24,1393,"4","1",1,"m","employed","Married"
1,60,9157,"2","1",1,"m","self-employed","Married"
0,24,1987,"1","1",1,"m","unemployed","Married"
1,12,717,"4","1",3,"m","employed","Married"
1,24,6967,"2","2",1,"m","self-employed","Married"
0,36,9398,"2","1",1,"m","self-employed","Single"
0,18,1882,"1","1",2,"f","employed","Divorced"
1,6,935,"4","1",1,"f","employed","Divorced"
0,21,1835,"1","1",2,"f","employed","Divorced"
1,6,1169,"1","1",2,"m","employed","Married"
0,9,1136,"2","4",2,"m","employed","Married"
1,18,1126,"4","1",1,"f","employed","Divorced"
1,10,1546,"4","1",1,"m","unemployed","Married"
1,36,6304,"4","1",2,"m","employed","Married"
1,10,2069,"4","1",2,"m","employed","Single"
1,18,1582,"4","4",2,"m","employed","Married"
1,8,1164,"1","1",2,"m","self-employed","Married"
1,36,3990,"2","1",1,"f","unemployed","Divorced"
1,6,426,"4","1",1,"m","unemployed","Single"
0,42,4370,"1","1",2,"m","employed","Married"
1,36,5842,"4","1",2,"m","employed","Married"
1,12,522,"4","3",2,"m","employed","Married"
0,36,2746,"1","1",1,"m","employed","Married"
1,12,1185,"4","1",2,"f","employed","Divorced"
0,12,609,"3","1",1,"f","unemployed","Divorced"
1,6,250,"4","4",2,"f","unemployed","Divorced"
0,18,3190,"1","1",1,"f","employed","Divorced"
1,18,1505,"4","1",1,"m","self-employed","Married"
1,15,3812,"4","2",1,"f","employed","Divorced"
0,12,685,"2","1",1,"m","unemployed","Single"
1,6,1299,"3","1",3,"m","unemployed","Married"
1,48,4788,"1","1",1,"m","employed","Married"
1,22,2675,"4","3",1,"m","employed","Married"
0,18,4153,"1","1",1,"m","employed","Married"
1,10,2315,"1","1",1,"m","unemployed","Married"
0,24,1659,"1","1",1,"f","unemployed","Divorced"
1,12,1934,"4","1",2,"m","employed","Married"
1,33,2764,"4","1",2,"f","employed","Divorced"
1,9,1224,"4","1",2,"m","employed","Married"
1,9,276,"2","1",1,"m","unemployed","Single"
0,12,797,"4","1",1,"f","unemployed","Divorced"
1,36,5371,"1","1",2,"m","employed","Married"
1,24,2578,"4","4",1,"m","employed","Married"
1,21,1591,"4","2",2,"m","self-employed","Married"
1,12,1858,"1","1",1,"f","employed","Divorced"
1,11,7228,"4","1",2,"m","unemployed","Married"
0,45,11816,"1","1",2,"m","employed","Married"
1,24,2611,"4","1",2,"m","employed","Single"
1,30,1715,"2","1",1,"f","employed","Divorced"
0,24,1938,"1","1",1,"m","employed","Divorced"
1,48,7238,"4","1",2,"m","employed","Married"
0,12,1123,"4","3",1,"f","unemployed","Divorced"
1,18,2238,"4","1",2,"f","employed","Divorced"
0,18,3114,"1","1",1,"f","employed","Divorced"
1,12,1076,"4","1",1,"m","employed","Single"
1,12,2577,"1","1",1,"m","employed","Divorced"
1,15,1308,"2","1",2,"m","unemployed","Married"
0,36,6887,"1","1",1,"m","employed","Married"
1,24,1311,"4","2",1,"m","employed","Single"
1,24,2058,"4","1",2,"m","employed","Divorced"
1,7,730,"4","1",2,"m","unemployed","Married"
1,12,1655,"4","1",2,"m","unemployed","Married"
1,47,10722,"1","1",1,"f","unemployed","Divorced"
1,15,1262,"4","3",2,"m","employed","Married"
1,36,909,"4","3",1,"m","employed","Married"
1,21,2923,"3","2",1,"f","self-employed","Divorced"
1,6,709,"3","4",1,"m","unemployed","Single"
1,10,1225,"3","1",1,"m","employed","Married"
0,27,3915,"2","1",1,"m","employed","Married"
0,30,1908,"3","1",1,"m","self-employed","Married"
0,21,2767,"2","2",2,"m","unemployed","Divorced"
1,6,1238,"4","1",1,"m","self-employed","Married"
1,18,2320,"4","1",2,"m","employed","Single"
1,30,3656,"3","1",2,"m","unemployed","Married"
0,24,3345,"1","1",1,"m","self-employed","Married"
1,27,4526,"4","4",2,"m","unemployed","Married"
1,18,1941,"2","4",1,"m","unemployed","Married"
1,12,2122,"1","1",2,"m","unemployed","Married"
0,24,2064,"2","1",1,"f","self-employed","Divorced"
1,27,2442,"1","1",4,"m","self-employed","Married"
1,9,1236,"4","1",1,"f","employed","Divorced"
0,9,745,"3","1",1,"f","unemployed","Divorced"
1,6,1047,"3","1",1,"f","unemployed","Divorced"
1,48,12169,"2","1",1,"m","self-employed","Married"
1,15,1520,"4","1",1,"m","employed","Married"
1,15,2788,"4","1",2,"f","employed","Divorced"
0,30,3108,"1","1",1,"m","unemployed","Divorced"
1,36,4795,"2","1",1,"f","self-employed","Divorced"
0,6,4611,"4","1",1,"f","employed","Divorced"
0,24,915,"1","1",1,"f","employed","Divorced"
0,12,1295,"2","1",1,"f","employed","Divorced"
0,60,14027,"2","1",1,"m","self-employed","Married"
0,24,2439,"1","1",1,"f","employed","Divorced"
1,36,2299,"4","3",1,"m","employed","Married"
1,20,2629,"2","1",2,"m","employed","Married"
1,36,2348,"1","1",2,"m","employed","Single"
1,18,3378,"4","1",1,"m","employed","Married"
1,12,682,"4","2",2,"f","employed","Divorced"
1,15,1905,"3","1",1,"m","self-employed","Married"
0,48,14421,"2","1",1,"m","employed","Married"
1,21,2476,"4","1",1,"m","self-employed","Married"
1,48,7582,"2","2",1,"m","self-employed","Married"
1,15,1721,"1","1",1,"m","employed","Married"
1,21,2288,"4","1",1,"f","employed","Divorced"
1,18,1940,"1","1",1,"m","self-employed","Married"
0,42,7174,"1","1",1,"f","self-employed","Divorced"
0,12,1484,"2","1",1,"m","employed","Single"
0,12,697,"1","1",2,"m","employed","Married"
0,18,1924,"2","1",1,"f","employed","Divorced"
1,36,3595,"4","1",1,"m","employed","Married"
1,6,1221,"4","1",2,"m","employed","Single"
1,12,1424,"2","1",1,"m","employed","Married"
1,24,6313,"4","1",1,"m","self-employed","Married"
1,12,2251,"3","1",1,"f","unemployed","Divorced"
1,12,2859,"4","1",1,"m","self-employed","Married"
0,36,2712,"1","1",1,"m","employed","Married"
0,9,1478,"4","1",1,"m","employed","Married"
1,27,8613,"4","4",2,"m","employed","Married"
1,12,1264,"4","1",1,"m","unemployed","Married"
1,11,1322,"2","4",2,"f","employed","Divorced"
1,18,1950,"4","1",2,"m","employed","Married"
0,30,4280,"2","2",2,"f","unemployed","Divorced"
1,18,5302,"1","1",3,"m","self-employed","Married"
0,24,11560,"2","1",2,"f","self-employed","Divorced"
1,24,2896,"2","2",1,"m","employed","Married"
1,36,4473,"3","1",1,"m","employed","Married"
0,36,2671,"2","2",1,"f","employed","Divorced"
1,10,1231,"4","1",2,"m","unemployed","Married"
1,11,3939,"1","1",2,"m","unemployed","Married"
1,30,2522,"1","1",1,"m","employed","Married"
1,6,362,"4","2",2,"f","unemployed","Divorced"
0,18,884,"2","1",1,"m","employed","Married"
1,15,1213,"4","3",1,"m","employed","Married"
1,6,343,"1","1",1,"f","employed","Divorced"
1,48,6681,"2","1",1,"m","employed","Married"
1,12,1413,"4","4",1,"m","employed","Married"
1,24,4679,"4","1",2,"m","unemployed","Married"
1,24,6615,"1","1",2,"m","self-employed","Married"
1,12,2141,"4","2",1,"m","employed","Married"
1,24,3512,"2","2",2,"m","employed","Married"
1,24,1249,"4","1",1,"m","employed","Single"
1,27,5965,"2","1",2,"m","self-employed","Married"
1,14,3973,"1","1",1,"m","employed","Married"
0,48,10297,"1","1",3,"m","employed","Married"
1,18,3001,"2","1",1,"f","employed","Divorced"
1,10,894,"4","1",1,"f","employed","Divorced"
1,18,1984,"4","1",2,"m","employed","Married"
0,48,5096,"2","1",1,"f","self-employed","Divorced"
0,48,3060,"2","1",2,"m","employed","Married"
1,18,6070,"4","1",2,"m","employed","Married"
1,8,907,"2","1",1,"m","employed","Single"
1,12,1155,"2","1",2,"m","unemployed","Single"
1,9,2030,"2","1",1,"m","employed","Married"
0,36,7127,"4","1",2,"f","employed","Divorced"
1,21,2353,"2","1",2,"m","employed","Divorced"
1,6,700,"4","1",2,"m","employed","Married"
0,60,7297,"1","1",1,"m","employed","Married"
1,24,1413,"4","1",1,"m","employed","Single"
1,12,1240,"4","1",2,"f","employed","Divorced"
1,15,4657,"4","1",1,"m","employed","Married"
1,21,3599,"1","1",1,"f","unemployed","Divorced"
1,13,1409,"4","2",1,"f","employed","Divorced"
0,36,1977,"1","1",1,"m","self-employed","Married"
1,24,4712,"2","1",2,"m","self-employed","Married"
1,12,1200,"1","1",1,"f","employed","Divorced"
0,18,3966,"1","1",3,"f","employed","Divorced"
1,15,1478,"4","1",2,"m","employed","Single"
1,15,5045,"4","1",1,"f","employed","Divorced"
1,39,14179,"1","1",2,"m","self-employed","Married"
0,30,1919,"2","2",2,"m","self-employed","Married"
0,18,2124,"1","1",2,"f","employed","Divorced"
1,20,3485,"4","1",2,"m","employed","Divorced"
0,36,5179,"1","1",1,"m","employed","Married"
1,12,1107,"1","1",1,"m","self-employed","Married"
0,24,3092,"2","2",1,"m","employed","Single"
1,21,3763,"1","1",1,"m","unemployed","Married"
1,12,1158,"2","3",1,"m","employed","Divorced"
1,12,1101,"4","1",2,"m","employed","Single"
1,24,2670,"4","1",1,"m","self-employed","Married"
0,24,4110,"1","1",2,"m","employed","Married"
1,12,2445,"4","1",1,"m","employed","Single"
1,60,10366,"4","1",1,"m","self-employed","Married"
0,36,7980,"4","1",2,"m","employed","Married"
1,24,4351,"2","1",1,"f","unemployed","Divorced"
0,12,1534,"2","1",1,"m","employed","Single"
1,24,5507,"4","1",2,"m","employed","Married"
1,48,6110,"4","1",1,"m","employed","Married"
0,30,2406,"1","1",1,"f","employed","Divorced"
1,24,1201,"2","1",1,"m","employed","Married"
1,18,1239,"2","1",1,"m","employed","Married"
1,36,5711,"4","4",2,"m","self-employed","Married"
1,18,2427,"2","1",2,"m","employed","Married"
0,12,3386,"1","1",1,"m","employed","Married"
1,12,1344,"1","1",2,"m","unemployed","Married"
1,12,3527,"4","1",1,"m","self-employed","Married"
1,8,3398,"1","1",2,"m","unemployed","Married"
1,12,1963,"4","1",2,"m","self-employed","Married"
1,18,6260,"2","1",1,"m","unemployed","Married"
1,15,1569,"4","2",1,"m","unemployed","Married"
1,24,6419,"1","1",2,"f","self-employed","Divorced"
1,60,7418,"2","1",1,"m","unemployed","Married"
1,24,3488,"4","2",1,"f","employed","Divorced"
1,15,1478,"1","1",2,"m","employed","Married"
1,9,1549,"2","1",1,"m","unemployed","Married"
1,24,1377,"3","2",1,"f","employed","Divorced"
1,15,3186,"4","4",1,"f","employed","Divorced"
0,24,1355,"2","1",1,"f","unemployed","Divorced"
1,18,3213,"2","3",1,"m","employed","Single"
1,12,3651,"1","4",1,"m","employed","Married"
0,10,2210,"4","1",1,"m","unemployed","Married"
1,24,3757,"4","1",1,"f","employed","Divorced"
0,12,639,"2","1",1,"m","employed","Married"
0,18,1190,"1","1",3,"f","unemployed","Divorced"
1,24,1747,"1","1",1,"m","unemployed","Married"
1,16,1175,"2","1",3,"m","unemployed","Married"
1,9,1138,"1","1",2,"m","unemployed","Married"
1,12,7472,"2","1",1,"f","unemployed","Divorced"
1,12,930,"4","1",4,"m","employed","Married"
1,10,1521,"2","1",1,"m","unemployed","Divorced"
0,48,3914,"4","1",1,"m","employed","Divorced"
1,9,2118,"2","1",1,"m","unemployed","Married"
1,9,1388,"4","1",1,"f","employed","Divorced"
0,36,2145,"1","1",2,"m","employed","Married"
1,12,2214,"1","1",1,"m","unemployed","Married"
0,12,1108,"1","1",2,"m","employed","Married"
1,21,2993,"4","1",2,"m","unemployed","Married"
1,15,5324,"4","3",1,"f","employed","Divorced"
1,24,2684,"4","1",2,"m","unemployed","Married"
1,12,1255,"4","1",2,"m","unemployed","Married"
1,12,2578,"1","1",1,"f","self-employed","Divorced"
0,36,9271,"1","1",1,"m","employed","Married"
1,18,1055,"4","1",2,"f","employed","Divorced"
1,12,2096,"4","1",1,"m","unemployed","Married"
1,42,6289,"3","1",2,"m","employed","Divorced"
0,18,1530,"4","1",2,"m","employed","Married"
0,36,14318,"2","1",1,"m","self-employed","Married"
1,6,1343,"3","1",2,"m","employed","Married"
1,6,3518,"4","1",1,"m","employed","Married"
1,36,3079,"4","1",1,"m","employed","Married"
0,18,1131,"1","1",1,"f","employed","Divorced"
0,9,654,"1","1",1,"m","unemployed","Married"
1,12,585,"2","1",2,"m","employed","Single"
1,9,2301,"4","2",1,"f","employed","Divorced"
1,12,983,"2","4",1,"f","unemployed","Divorced"
1,24,3069,"2","2",1,"m","employed","Married"
1,15,1403,"1","1",1,"f","employed","Divorced"
0,24,12579,"2","1",1,"f","self-employed","Divorced"
1,48,8358,"2","3",2,"f","employed","Divorced"
1,24,2957,"1","1",2,"m","employed","Married"
0,15,1512,"2","4",2,"m","employed","Single"
1,24,1967,"2","1",1,"f","employed","Divorced"
1,12,708,"1","1",1,"m","unemployed","Married"
1,24,1552,"4","1",1,"m","employed","Married"
1,9,2134,"4","1",3,"m","employed","Married"
1,12,2073,"4","2",1,"f","employed","Divorced"
1,9,1364,"1","1",1,"m","employed","Married"
0,48,6560,"2","2",1,"m","employed","Married"
0,18,750,"1","1",1,"f","unemployed","Divorced"
0,48,6416,"2","1",1,"f","employed","Divorced"
1,24,999,"4","1",2,"m","employed","Married"
0,12,888,"2","1",1,"m","unemployed","Married"
0,12,741,"1","2",1,"f","employed","Divorced"
0,9,1501,"2","1",2,"f","self-employed","Divorced"
1,24,717,"4","1",2,"m","employed","Single"
0,21,5003,"4","1",2,"f","employed","Divorced"
1,48,12204,"2","1",1,"m","self-employed","Married"
1,4,1494,"3","1",1,"m","unemployed","Married"
1,18,3590,"2","1",3,"m","unemployed","Single"
1,12,886,"4","1",1,"f","employed","Divorced"
1,30,3857,"1","1",1,"m","self-employed","Divorced"
1,36,7409,"4","1",2,"m","employed","Married"
1,12,1736,"4","1",1,"f","unemployed","Divorced"
1,21,3652,"2","1",2,"m","employed","Married"
0,30,8386,"2","1",1,"m","employed","Married"
0,21,1188,"2","1",1,"f","employed","Divorced"
0,24,8648,"4","1",2,"m","employed","Married"
1,15,975,"1","1",2,"m","employed","Divorced"
0,39,4933,"2","1",2,"m","employed","Married"
1,24,4139,"4","2",2,"m","unemployed","Married"
1,21,2782,"4","3",1,"f","self-employed","Divorced"
1,12,2121,"1","1",2,"m","employed","Married"
1,48,3578,"4","1",1,"m","employed","Married"
1,15,1459,"4","1",1,"f","unemployed","Divorced"
0,45,3031,"2","2",1,"m","employed","Married"
0,27,2570,"4","1",1,"f","employed","Divorced"
0,9,5129,"2","1",1,"f","self-employed","Divorced"
1,12,1574,"4","1",1,"m","employed","Married"
1,9,1154,"2","1",3,"m","unemployed","Married"
1,7,2329,"2","1",1,"f","employed","Divorced"
0,12,939,"3","3",3,"m","employed","Single"
1,6,683,"3","1",1,"f","employed","Divorced"
0,6,14896,"1","1",1,"m","self-employed","Married"
1,15,2687,"3","1",1,"m","employed","Married"
1,24,1559,"4","1",1,"m","employed","Married"
0,48,10961,"2","4",2,"m","employed","Married"
0,24,1285,"1","1",1,"f","employed","Divorced"
1,6,4716,"1","1",2,"m","unemployed","Married"
1,6,3676,"1","1",3,"m","employed","Married"
1,18,2249,"1","2",1,"m","self-employed","Married"
1,24,2022,"4","1",1,"f","employed","Divorced"
1,6,1068,"2","1",1,"m","employed","Married"
1,24,4169,"1","1",1,"m","employed","Married"
1,12,1092,"2","1",2,"f","employed","Divorced"
1,15,1386,"4","1",1,"m","employed","Single"
1,15,3029,"4","1",1,"m","employed","Married"
1,12,2331,"4","1",1,"m","employed","Married"
1,36,11054,"4","1",1,"m","self-employed","Married"
1,12,2930,"2","1",1,"f","employed","Divorced"
0,24,4870,"1","1",2,"m","employed","Married"
1,30,7596,"4","1",2,"m","employed","Married"
0,12,2292,"4","1",2,"m","self-employed","Married"
1,18,1169,"4","1",2,"m","employed","Married"
1,12,1526,"1","1",2,"m","self-employed","Married"
1,12,2171,"4","1",1,"f","employed","Divorced"
1,9,3832,"4","1",1,"m","unemployed","Married"
1,6,2116,"3","1",1,"m","employed","Married"
1,8,1414,"2","1",1,"m","employed","Married"
1,54,9436,"4","1",1,"m","unemployed","Married"
1,18,3244,"2","1",2,"f","employed","Divorced"
1,10,1038,"1","1",2,"m","employed","Married"
1,20,4272,"1","1",2,"f","employed","Divorced"
1,10,2132,"1","1",2,"f","employed","Divorced"
0,24,4736,"2","1",1,"f","unemployed","Divorced"
0,24,1024,"1","1",1,"m","employed","Single"
1,60,15653,"4","1",2,"m","employed","Married"
1,12,1007,"2","4",1,"m","employed","Single"
1,15,2511,"1","1",1,"f","employed","Divorced"
1,42,7166,"4","1",1,"m","employed","Single"
1,12,1860,"2","1",2,"m","self-employed","Married"
1,24,4526,"4","1",1,"m","self-employed","Married"
1,12,3077,"4","1",1,"m","employed","Married"
0,18,1245,"2","1",1,"m","employed","Single"
1,11,3905,"1","1",2,"m","employed","Married"
0,18,1533,"4","1",1,"m","unemployed","Single"
1,6,609,"1","1",2,"f","employed","Divorced"
0,12,709,"1","1",1,"m","unemployed","Married"
1,12,1893,"1","1",1,"f","employed","Divorced"
1,15,1829,"4","1",2,"m","employed","Married"
1,39,2569,"4","3",1,"m","employed","Married"
0,27,5293,"1","1",2,"m","employed","Married"
1,12,1495,"4","1",2,"m","unemployed","Married"
0,18,1345,"1","1",1,"m","employed","Single"
1,12,776,"4","1",1,"m","employed","Single"
0,15,1275,"1","1",1,"f","employed","Divorced"
0,21,2580,"4","3",1,"m","unemployed","Married"
1,12,763,"4","1",1,"f","employed","Divorced"
1,24,1755,"1","1",1,"f","unemployed","Divorced"
1,12,701,"1","1",1,"m","unemployed","Single"
1,24,2910,"1","1",1,"m","self-employed","Married"
0,48,3051,"1","1",1,"m","employed","Married"
1,12,2171,"1","1",2,"m","unemployed","Married"
1,15,3368,"4","4",2,"m","employed","Married"
1,15,1845,"1","1",1,"f","employed","Divorced"
1,18,2899,"2","1",1,"m","employed","Married"
1,60,6527,"4","1",1,"m","employed","Married"
1,4,1503,"4","1",2,"m","unemployed","Married"
1,18,1113,"2","1",1,"f","unemployed","Divorced"
0,6,1209,"2","1",1,"m","self-employed","Married"
1,60,13756,"4","1",1,"m","self-employed","Married"
1,24,4020,"1","1",1,"m","employed","Married"
1,48,8487,"2","1",1,"f","employed","Divorced"
1,18,3850,"4","1",2,"m","employed","Married"
0,24,2397,"4","3",2,"m","employed","Married"
0,8,1237,"2","1",1,"f","employed","Divorced"
1,24,2197,"4","1",2,"m","employed","Married"
0,30,4249,"2","1",2,"m","self-employed","Single"
1,24,5804,"4","4",2,"m","employed","Married"
1,36,2862,"2","2",1,"m","employed","Married"
0,36,3446,"1","1",1,"m","employed","Married"
1,15,2221,"4","3",1,"f","employed","Divorced"
1,6,2063,"2","1",1,"m","self-employed","Single"
1,12,1168,"1","1",1,"m","unemployed","Single"
1,12,1297,"3","1",1,"m","employed","Single"
1,24,1231,"1","4",2,"f","self-employed","Divorced"
1,24,1597,"4","1",2,"m","employed","Married"
1,24,5084,"2","1",1,"f","employed","Divorced"
1,18,1098,"4","1",2,"f","unemployed","Divorced"
0,36,6229,"1","1",2,"f","unemployed","Divorced"
1,12,3573,"2","1",1,"f","unemployed","Divorced"
1,48,3609,"4","1",1,"f","employed","Divorced"
0,18,4165,"4","1",2,"m","employed","Married"
0,24,2996,"1","1",1,"m","employed","Single"
0,9,959,"2","1",1,"f","employed","Divorced"
1,10,1347,"3","1",2,"m","employed","Married"
1,24,2463,"4","2",2,"m","employed","Single"
1,18,1445,"3","1",1,"m","unemployed","Married"
0,48,11590,"4","2",2,"f","unemployed","Divorced"
1,24,7721,"1","1",1,"f","employed","Divorced"
1,12,1318,"2","4",1,"m","employed","Married"
0,12,719,"4","1",1,"m","unemployed","Married"
0,18,1808,"4","1",1,"f","employed","Divorced"
0,20,2235,"1","1",2,"m","employed","Single"
1,48,5381,"2","1",1,"m","unemployed","Married"
1,24,3149,"1","1",1,"m","employed","Married"
0,24,1333,"1","1",2,"m","employed","Married"
1,36,5742,"4","2",2,"m","employed","Married"
1,18,4380,"1","2",1,"m","unemployed","Married"
0,18,1864,"4","2",2,"f","employed","Divorced"
1,12,2028,"2","1",1,"m","employed","Married"
0,24,3621,"4","2",2,"m","employed","Married"
1,24,2284,"4","1",1,"m","employed","Married"
1,15,3594,"4","1",2,"f","unemployed","Divorced"
1,27,2528,"2","1",1,"f","employed","Divorced"
1,24,3868,"4","1",2,"f","self-employed","Divorced"
1,15,2728,"2","1",3,"m","employed","Married"
0,12,4843,"1","1",2,"m","employed","Married"
1,10,7308,"2","1",1,"m","self-employed","Married"
1,6,1595,"4","1",1,"m","employed","Married"
1,12,1163,"4","3",1,"m","employed","Married"
1,15,3343,"4","1",1,"m","employed","Married"
0,30,5234,"2","1",2,"m","self-employed","Single"
0,24,1442,"1","1",2,"f","employed","Divorced"
0,12,2579,"1","1",1,"m","unemployed","Married"
1,39,11760,"2","2",1,"m","employed","Married"
1,28,2743,"4","1",2,"m","employed","Married"
0,12,1331,"2","1",1,"m","employed","Married"
0,48,7763,"1","1",1,"m","self-employed","Married"
0,24,2303,"1","1",1,"m","employed","Married"
0,12,1282,"1","1",1,"f","employed","Divorced"
0,15,1264,"2","2",1,"m","employed","Single"
1,15,3556,"4","1",1,"m","employed","Married"
1,9,2799,"1","1",2,"m","employed","Married"
0,48,6331,"1","1",2,"m","employed","Married"
1,6,1374,"1","1",1,"m","unemployed","Married"
1,18,1149,"4","4",2,"m","employed","Married"
1,24,1851,"4","1",2,"m","employed","Single"
1,12,2748,"4","1",3,"f","unemployed","Divorced"
1,36,5493,"1","1",1,"m","employed","Married"
0,24,4057,"2","1",1,"m","employed","Divorced"
1,13,1797,"1","1",2,"m","unemployed","Married"
1,12,1804,"2","2",1,"m","employed","Married"
1,18,1295,"2","1",2,"f","employed","Divorced"
0,24,3234,"1","1",1,"f","unemployed","Divorced"
1,24,1743,"2","1",2,"m","unemployed","Married"
0,48,9960,"2","1",1,"f","employed","Divorced"
1,18,1049,"1","1",1,"f","employed","Divorced"
1,12,3016,"3","1",1,"m","employed","Single"
1,9,2136,"1","1",1,"m","employed","Married"
1,24,1469,"4","2",1,"m","unemployed","Single"
1,13,882,"2","1",2,"m","employed","Married"
1,24,9277,"4","1",1,"m","employed","Divorced"
0,6,3384,"1","1",1,"m","self-employed","Divorced"
0,18,2169,"4","1",1,"m","employed","Single"
0,12,626,"1","1",1,"f","unemployed","Divorced"
1,36,7432,"2","1",1,"f","employed","Divorced"
1,18,2051,"4","1",1,"m","employed","Married"
0,18,2864,"3","1",1,"m","unemployed","Married"
1,24,2346,"4","1",2,"m","employed","Married"
1,6,428,"1","1",1,"f","employed","Divorced"
1,24,1382,"1","2",2,"m","employed","Married"
1,9,2753,"4","2",1,"m","employed","Married"
0,18,1943,"4","1",1,"f","employed","Divorced"
1,36,6614,"4","1",2,"m","self-employed","Married"
1,24,1376,"4","3",1,"f","employed","Divorced"
1,45,4576,"2","2",1,"m","employed","Married"
0,48,10127,"4","3",1,"m","employed","Married"
0,48,6224,"2","1",1,"m","employed","Married"
1,12,926,"4","1",1,"f","unemployed","Divorced"
1,24,5743,"2","1",2,"f","employed","Divorced"
1,24,4151,"4","2",2,"m","employed","Married"
0,36,8229,"1","1",1,"m","employed","Married"
1,6,1743,"4","2",2,"m","unemployed","Married"
1,12,1592,"4","4",1,"f","employed","Divorced"
1,24,3660,"1","1",1,"f","employed","Divorced"
1,12,1258,"4","1",2,"f","unemployed","Divorced"
1,30,10623,"1","1",3,"m","self-employed","Married"
0,48,6758,"1","1",1,"f","employed","Divorced"
1,24,2424,"4","1",2,"m","employed","Married"
0,12,6468,"2","1",1,"m","self-employed","Married"
1,12,707,"4","1",2,"m","employed","Married"
0,24,2538,"4","1",2,"m","unemployed","Married"
1,18,5866,"2","2",2,"m","employed","Married"
1,20,6468,"2","1",1,"m","self-employed","Divorced"
1,7,2415,"2","1",1,"m","employed","Married"
0,24,1193,"1","1",2,"f","unemployed","Divorced"
1,12,1393,"4","1",3,"m","employed","Married"
1,24,1275,"3","4",2,"m","employed","Divorced"
0,24,4591,"4","4",3,"m","self-employed","Married"
0,30,3441,"2","2",1,"f","employed","Divorced"
0,36,2302,"1","1",1,"m","employed","Divorced"
1,48,3979,"2","1",2,"m","employed","Married"
1,18,7374,"2","1",2,"m","self-employed","Married"
1,10,1287,"4","1",1,"m","unemployed","Married"
0,36,9572,"4","1",2,"m","employed","Divorced"
1,12,3617,"2","1",3,"m","employed","Married"
1,9,3074,"4","1",2,"m","employed","Married"
1,36,8133,"4","1",1,"f","employed","Divorced"
1,21,2241,"4","1",2,"m","employed","Married"
0,6,1198,"1","1",1,"f","employed","Divorced"
1,12,1424,"3","1",1,"f","self-employed","Divorced"
1,36,10477,"4","1",2,"m","employed","Married"
1,15,1471,"4","1",2,"m","employed","Married"
1,18,1473,"4","1",1,"m","employed","Single"
1,36,5848,"3","1",1,"m","employed","Married"
1,6,1323,"3","2",2,"m","employed","Divorced"
1,24,2872,"4","2",1,"m","employed","Married"
1,24,3749,"3","1",1,"f","employed","Divorced"
1,18,3612,"2","1",1,"f","employed","Divorced"
0,36,3349,"4","1",1,"f","self-employed","Divorced"
0,36,1842,"1","1",1,"f","employed","Divorced"
0,45,1845,"1","1",1,"m","employed","Married"
1,15,1360,"4","1",2,"m","employed","Married"
1,6,1898,"4","1",2,"m","unemployed","Married"
1,24,6314,"4","1",2,"m","self-employed","Married"
1,15,1532,"4","2",1,"f","employed","Divorced"
0,27,8318,"2","1",2,"f","self-employed","Divorced"
0,48,18424,"2","1",1,"f","self-employed","Divorced"
1,6,2080,"4","3",1,"m","employed","Single"
1,12,640,"4","1",1,"m","unemployed","Divorced"
0,18,2462,"1","1",1,"m","employed","Married"
1,48,2751,"4","1",2,"m","employed","Married"
1,24,1258,"4","1",1,"m","employed","Married"
0,12,836,"2","2",1,"f","unemployed","Divorced"
0,21,1647,"1","1",2,"m","unemployed","Married"
0,24,2359,"1","2",1,"m","employed","Divorced"
0,36,7855,"4","1",2,"f","employed","Divorced"
1,18,1913,"2","4",1,"m","employed","Single"
0,12,1228,"1","1",1,"f","unemployed","Divorced"
1,12,2759,"4","1",2,"m","employed","Married"
0,24,1344,"3","1",2,"m","unemployed","Married"
0,12,1372,"1","1",1,"m","employed","Divorced"
1,30,3077,"4","1",2,"m","employed","Married"
1,30,8072,"1","1",3,"m","employed","Married"
0,36,12612,"2","2",1,"m","employed","Married"
0,33,4281,"1","3",2,"f","employed","Divorced"
1,24,2978,"4","1",2,"m","employed","Married"
1,18,2622,"2","2",1,"m","employed","Married"
1,12,1493,"4","1",1,"f","employed","Divorced"
1,6,1766,"4","1",1,"m","employed","Single"
1,24,1553,"2","2",2,"f","employed","Divorced"
1,10,727,"4","3",1,"m","employed","Married"
1,24,2255,"4","1",1,"m","employed","Married"
1,36,5800,"2","1",2,"m","employed","Married"
1,6,662,"1","1",1,"m","unemployed","Married"
1,18,1028,"4","1",2,"f","employed","Divorced"
1,21,3160,"4","1",1,"m","employed","Married"
1,6,660,"4","3",1,"m","unemployed","Single"
1,11,1577,"2","4",1,"f","employed","Divorced"
0,18,1442,"1","1",2,"m","unemployed","Married"
0,48,3844,"2","2",1,"m","unemployed","Married"
1,24,2032,"4","1",2,"m","employed","Married"
1,36,3959,"1","1",1,"m","self-employed","Married"
0,24,5943,"4","1",2,"f","employed","Divorced"
0,24,2039,"2","1",1,"m","employed","Single"
1,12,3124,"2","1",2,"m","unemployed","Married"
1,18,4439,"2","1",1,"m","self-employed","Married"
1,12,2133,"4","1",1,"f","self-employed","Divorced"
1,10,1597,"4","3",1,"m","unemployed","Married"
0,27,2520,"2","3",2,"m","unemployed","Married"
0,48,15672,"2","1",1,"m","employed","Married"
0,12,1082,"1","1",2,"m","employed","Married"
0,18,6761,"4","1",2,"m","employed","Married"
0,60,6836,"1","1",2,"m","employed","Married"
1,4,3380,"4","1",1,"f","employed","Divorced"
0,36,9034,"2","2",1,"m","self-employed","Married"
0,24,1371,"1","1",1,"f","employed","Divorced"
1,12,1412,"4","1",2,"f","self-employed","Divorced"
1,6,1554,"4","1",2,"f","employed","Divorced"
1,10,2901,"4","1",1,"f","employed","Divorced"
1,30,4530,"4","1",1,"f","self-employed","Divorced"
1,12,339,"1","1",1,"m","unemployed","Single"
1,30,6742,"4","1",2,"m","employed","Married"
1,12,3399,"3","1",1,"m","self-employed","Married"
1,6,1382,"4","1",2,"f","employed","Divorced"
0,18,2278,"2","2",2,"f","employed","Divorced"
1,15,1300,"4","1",1,"m","employed","Married"
0,24,1823,"1","1",1,"m","self-employed","Married"
1,12,1657,"1","1",1,"m","employed","Married"
0,48,7685,"1","1",1,"f","employed","Divorced"
1,30,3017,"3","1",1,"m","employed","Married"
1,9,1199,"2","1",2,"f","self-employed","Divorced"
1,10,1048,"2","1",1,"m","unemployed","Married"
0,12,2149,"1","1",1,"m","employed","Divorced"
1,42,7882,"1","1",1,"m","employed","Married"
1,15,2186,"4","1",1,"f","unemployed","Divorced"
0,48,6143,"1","1",2,"f","unemployed","Divorced"
1,18,2662,"4","1",1,"m","employed","Married"
1,5,3448,"4","1",1,"m","unemployed","Married"
0,21,2319,"3","1",1,"m","employed","Divorced"
0,12,900,"1","1",1,"m","employed","Single"
0,12,3499,"1","1",2,"f","employed","Divorced"
1,24,3181,"4","1",1,"f","employed","Divorced"
0,42,3965,"1","1",1,"m","employed","Married"
0,10,1240,"3","2",1,"f","unemployed","Divorced"
0,30,7485,"4","1",1,"f","self-employed","Divorced"
1,12,1291,"4","1",2,"f","employed","Divorced"
1,12,2012,"4","1",1,"f","employed","Divorced"
0,30,6350,"1","1",1,"m","employed","Married"
1,36,9055,"4","1",1,"m","unemployed","Married"
1,24,5511,"4","2",1,"m","employed","Married"
0,21,3414,"1","1",2,"m","employed","Married"
0,30,11998,"1","1",1,"m","unemployed","Divorced"
1,12,5801,"4","1",1,"m","employed","Married"
1,9,1082,"2","1",2,"m","unemployed","Married"
0,12,1386,"4","3",1,"f","employed","Divorced"
1,12,1402,"4","3",1,"f","employed","Divorced"
1,12,996,"4","1",2,"f","employed","Divorced"
0,12,766,"2","3",1,"m","unemployed","Married"
0,24,1546,"1","1",1,"m","unemployed","Married"
0,18,976,"1","1",1,"f","unemployed","Divorced"
1,24,4042,"4","1",2,"m","employed","Married"
0,24,1216,"2","2",2,"m","employed","Married"
1,30,5954,"4","1",1,"m","employed","Married"
1,10,1418,"4","2",1,"m","unemployed","Married"
0,18,1056,"2","1",2,"m","employed","Married"
0,36,2225,"2","1",2,"m","employed","Married"
1,12,409,"3","4",2,"f","employed","Divorced"
0,12,1922,"2","1",1,"m","unemployed","Married"
1,36,3535,"4","1",2,"m","employed","Married"
0,36,12389,"2","1",1,"m","employed","Married"
1,18,2389,"1","1",1,"f","employed","Divorced"
1,18,866,"2","1",1,"m","unemployed","Single"
0,24,3123,"1","1",1,"f","employed","Divorced"
0,10,1309,"4","1",1,"m","unemployed","Married"
1,21,2606,"1","1",1,"f","self-employed","Divorced"
1,24,2325,"1","2",1,"m","employed","Married"
1,24,1901,"4","2",1,"m","self-employed","Married"
1,9,1449,"4","1",2,"f","employed","Divorced"
1,18,8471,"1","1",2,"f","employed","Divorced"
1,12,1474,"3","1",1,"f","self-employed","Divorced"
0,9,1422,"1","1",1,"m","self-employed","Married"
1,12,841,"2","2",1,"f","unemployed","Divorced"
1,14,802,"4","1",2,"m","unemployed","Married"
0,12,2246,"1","1",2,"m","employed","Married"
1,6,1543,"4","4",1,"m","employed","Divorced"
1,18,1800,"4","1",2,"m","employed","Married"
1,24,2924,"1","1",1,"m","employed","Married"
1,12,3017,"2","1",1,"f","self-employed","Divorced"
1,24,2964,"1","1",1,"m","employed","Married"
1,27,5190,"4","1",4,"m","employed","Married"
0,9,1670,"2","1",1,"f","employed","Divorced"
1,24,3235,"4","3",1,"m","self-employed","Divorced"
0,36,2820,"2","1",2,"m","employed","Divorced"
1,10,2146,"4","1",2,"f","employed","Divorced"
1,6,1236,"4","3",1,"m","employed","Married"
1,24,1525,"4","4",1,"f","employed","Divorced"
1,6,484,"2","1",1,"m","unemployed","Single"
1,36,8947,"4","1",1,"m","self-employed","Married"
1,15,1444,"2","1",1,"m","employed","Married"
1,42,3394,"1","1",2,"m","unemployed","Married"
0,24,4817,"1","1",1,"m","employed","Married"
1,12,1330,"3","1",1,"m","employed","Married"
1,24,1927,"4","1",2,"f","employed","Divorced"
1,24,3878,"2","2",1,"m","employed","Divorced"
1,4,601,"4","1",1,"f","unemployed","Divorced"
1,9,3195,"2","1",1,"f","unemployed","Divorced"
0,21,12680,"4","1",1,"m","self-employed","Married"
1,21,2745,"2","4",2,"m","employed","Married"
0,15,802,"2","1",1,"m","employed","Married"
1,42,9283,"2","1",1,"m","self-employed","Married"
1,9,1313,"4","1",1,"m","employed","Married"
1,12,1680,"1","3",1,"m","employed","Single"
1,30,4272,"4","2",2,"m","unemployed","Married"
1,12,1480,"3","3",3,"m","unemployed","Married"
1,15,3568,"4","1",1,"f","self-employed","Divorced"
0,12,2969,"2","1",2,"f","employed","Divorced"
1,30,1867,"4","1",1,"m","employed","Married"
1,48,10222,"4","1",1,"m","employed","Married"
0,28,4006,"1","1",1,"m","unemployed","Married"
0,24,3552,"1","1",1,"m","employed","Married"
1,10,1924,"4","1",1,"m","employed","Married"
1,18,1887,"2","1",2,"m","employed","Single"
1,12,2366,"2","3",1,"m","self-employed","Divorced"
1,24,7814,"4","1",1,"m","self-employed","Married"
0,36,4455,"2","1",2,"m","self-employed","Divorced"
1,18,1961,"3","1",1,"f","self-employed","Divorced"
1,24,1474,"4","2",1,"m","employed","Single"
1,12,385,"1","1",4,"f","unemployed","Divorced"
1,12,1409,"1","1",1,"m","employed","Married"
1,6,2978,"4","3",1,"m","employed","Married"
0,24,11328,"2","1",2,"m","self-employed","Married"
0,24,1282,"1","2",1,"f","unemployed","Divorced"
1,12,804,"4","1",1,"m","employed","Married"
1,12,2247,"3","1",2,"f","employed","Divorced"
0,15,2327,"3","1",1,"f","unemployed","Divorced"
1,36,2394,"4","1",1,"f","employed","Divorced"
0,36,8335,"1","1",1,"m","employed","Married"
1,6,1204,"4","2",1,"m","employed","Married"
0,12,1223,"2","1",2,"m","employed","Divorced"
1,30,3622,"1","4",2,"f","employed","Divorced"
1,6,1957,"1","1",1,"f","employed","Divorced"
1,24,2812,"1","1",1,"f","employed","Divorced"
1,6,1538,"4","1",1,"f","employed","Divorced"
1,24,7758,"2","4",1,"f","employed","Divorced"
1,30,2503,"2","2",2,"m","employed","Married"
1,24,2679,"4","1",1,"f","self-employed","Divorced"
0,18,12976,"2","1",1,"f","self-employed","Divorced"
1,30,2831,"4","1",1,"f","employed","Divorced"
1,21,3275,"4","1",1,"m","self-employed","Married"
1,6,666,"1","4",2,"f","unemployed","Divorced"
1,30,4221,"2","1",2,"f","employed","Divorced"
0,18,433,"4","1",1,"f","employed","Divorced"
1,22,1283,"4","1",1,"f","employed","Divorced"
0,12,1274,"1","1",1,"f","unemployed","Divorced"
1,9,2507,"4","3",1,"m","unemployed","Married"
1,36,9566,"4","1",2,"f","employed","Divorced"
1,9,3577,"4","2",1,"m","employed","Married"
1,24,1278,"4","1",1,"m","self-employed","Married"
0,18,1217,"1","1",1,"m","unemployed","Single"
1,24,2603,"4","4",1,"f","employed","Divorced"
1,36,7678,"4","3",2,"f","employed","Divorced"
1,13,2101,"2","1",1,"f","unemployed","Divorced"
0,24,1935,"2","1",2,"m","employed","Divorced"
1,18,4594,"4","1",1,"m","employed","Married"
1,12,4675,"4","1",1,"f","employed","Divorced"
1,24,6403,"2","1",1,"m","employed","Married"
1,18,3872,"2","1",1,"f","employed","Divorced"
1,4,1544,"4","1",3,"m","unemployed","Married"
1,24,3758,"2","3",1,"f","unemployed","Divorced"
0,12,2762,"2","1",1,"f","employed","Divorced"
0,36,4463,"4","1",2,"m","self-employed","Married"
0,18,6458,"4","1",2,"m","self-employed","Married"
1,6,1872,"1","1",3,"m","self-employed","Married"
1,48,7476,"1","1",1,"m","self-employed","Married"
0,6,931,"2","2",1,"f","unemployed","Divorced"
1,21,1572,"4","4",1,"f","unemployed","Divorced"
0,18,2473,"1","1",1,"m","unemployed","Married"
0,12,7865,"1","1",1,"m","self-employed","Married"
1,24,2223,"4","2",2,"m","employed","Married"
1,6,1374,"1","1",1,"f","self-employed","Divorced"
0,24,1381,"1","1",1,"f","employed","Divorced"
1,12,625,"2","1",1,"m","unemployed","Single"
1,6,753,"2","1",1,"f","employed","Divorced"
1,24,2384,"1","1",1,"m","unemployed","Married"
1,24,3430,"4","3",1,"m","employed","Married"
1,6,1237,"4","2",2,"f","employed","Divorced"
1,20,2212,"1","1",1,"m","employed","Married"
1,30,3496,"2","4",1,"m","employed","Married"
1,12,3590,"1","1",1,"m","unemployed","Married"
1,12,958,"2","1",2,"m","unemployed","Married"
1,6,368,"2","1",1,"m","employed","Married"
1,6,2647,"1","3",1,"m","employed","Married"
1,24,2760,"2","1",1,"m","employed","Married"
1,18,1880,"1","1",2,"m","self-employed","Single"
0,36,10974,"4","1",2,"f","self-employed","Divorced"
0,48,3931,"1","1",1,"m","employed","Married"
0,36,1819,"4","1",1,"m","employed","Married"
1,18,1820,"4","1",1,"m","self-employed","Single"
0,24,4241,"2","1",3,"m","unemployed","Married"
0,36,9629,"1","1",2,"m","employed","Married"
1,24,3105,"4","1",2,"m","employed","Married"
1,18,6204,"2","1",1,"m","unemployed","Married"
0,54,15945,"2","1",1,"m","employed","Married"
1,6,1050,"2","1",2,"m","self-employed","Married"
0,45,4746,"2","1",2,"m","unemployed","Married"
1,36,2323,"2","1",1,"m","employed","Married"
0,48,4308,"1","1",1,"f","employed","Divorced"
1,21,3976,"2","1",1,"m","employed","Married"
1,24,6842,"4","1",2,"m","self-employed","Married"
1,24,1287,"4","4",2,"f","employed","Divorced"
1,36,2613,"4","1",2,"m","employed","Married"
1,48,12749,"4","3",1,"m","self-employed","Married"
1,12,701,"4","1",2,"m","employed","Married"
0,24,1207,"1","1",1,"f","employed","Divorced"
1,18,3422,"4","1",3,"m","employed","Married"
1,15,1316,"4","3",2,"m","unemployed","Single"
1,24,1925,"3","1",1,"m","employed","Married"
1,12,1995,"2","2",1,"m","employed","Married"
1,14,1410,"2","3",1,"m","employed","Single"
1,12,3059,"4","4",1,"m","unemployed","Divorced"
0,14,8978,"1","1",1,"m","self-employed","Divorced"
0,36,4210,"3","1",1,"m","employed","Married"
1,60,10144,"4","2",1,"f","employed","Divorced"
0,18,2775,"4","1",2,"m","employed","Married"
1,9,1288,"1","2",2,"m","employed","Married"
1,11,1154,"4","2",3,"f","unemployed","Divorced"
1,6,1203,"1","2",1,"m","employed","Married"
0,18,1216,"1","1",1,"f","employed","Divorced"
1,11,2142,"4","4",1,"m","employed","Divorced"
0,36,2384,"2","1",1,"m","unemployed","Married"
1,6,6761,"4","1",2,"m","self-employed","Married"
0,15,4623,"4","2",1,"m","self-employed","Married"
1,36,4686,"4","1",1,"m","self-employed","Married"
1,48,7629,"4","1",2,"m","self-employed","Divorced"
1,24,1965,"2","1",2,"f","employed","Divorced"
0,18,2100,"3","1",1,"m","employed","Married"
1,12,1881,"3","1",1,"f","unemployed","Divorced"
0,12,759,"1","1",1,"m","employed","Married"
1,6,454,"2","1",1,"m","unemployed","Single"
1,24,6568,"1","1",1,"m","unemployed","Single"
1,12,2390,"4","1",1,"m","employed","Married"
1,9,2697,"4","1",1,"m","employed","Married"
0,9,1337,"3","1",2,"m","self-employed","Married"
1,10,1364,"4","1",1,"f","employed","Divorced"
1,20,7057,"2","1",2,"m","self-employed","Married"
1,9,1126,"3","2",1,"m","employed","Divorced"
1,30,6187,"1","2",2,"m","employed","Single"
1,10,2848,"4","2",1,"m","employed","Married"
1,21,1602,"1","1",2,"m","employed","Single"
0,24,3349,"1","3",1,"m","employed","Married"
0,18,1928,"2","1",2,"m","unemployed","Married"
1,18,1453,"4","1",1,"f","employed","Divorced"
1,6,932,"2","1",2,"f","unemployed","Divorced"
1,15,2631,"2","2",1,"f","unemployed","Divorced"
1,18,1817,"4","1",2,"f","employed","Divorced"
1,24,3632,"1","1",1,"f","employed","Divorced"
1,24,2835,"4","3",1,"m","employed","Married"
0,12,691,"1","1",2,"m","employed","Married"
1,33,7253,"4","1",2,"m","self-employed","Married"
1,18,3229,"4","1",1,"m","self-employed","Married"
1,6,1740,"4","1",2,"m","employed","Single"
1,12,3447,"4","3",1,"f","unemployed","Divorced"
0,15,6850,"2","2",1,"m","self-employed","Married"
1,12,1620,"1","1",1,"f","employed","Divorced"
1,48,3566,"2","2",1,"m","employed","Married"
0,72,5595,"2","2",1,"m","employed","Single"
1,12,1884,"4","1",1,"m","self-employed","Married"
1,15,874,"4","1",1,"f","employed","Divorced"
1,12,3565,"4","1",2,"m","unemployed","Married"
1,24,2333,"2","1",1,"m","unemployed","Married"
0,48,7119,"1","1",2,"m","employed","Married"
0,40,5998,"1","1",1,"m","employed","Married"
